Identificador de la publicación,Identificador de la página,Nombre de la página,Título,Descripción,Duración (segundos),Hora de publicación,Tipo de subtítulo,Enlace permanente,Es una publicación cruzada,Es una publicación compartida,Tipo de publicación,Idiomas,Etiquetas personalizadas,Estado de contenido financiado,Comentario sobre los datos,Fecha,Impresiones,Alcance,"Reacciones, comentarios y veces que se compartió",Reacciones,Comentarios,Veces que se compartió,REELS_PLAYS:COUNT,Segundos reproducidos,Segundos en promedio reproducidos,Ingresos estimados (USD),Impresiones del anuncio,Total de clics,Clics de otro tipo,Consumo de segmentación del público coincidente (Photo Click),Clics en el enlace
122108176316504330,61565129917481,Fetch.ens,"¡Bienvenidas a fetch! ✨️

Somos un negocio que se dedica a vender bolsas y mochilas de calidad a precios accesibles para ti. Síguenos para conocer nuestros nuevos productos...",,0,09/09/2024 15:46,,https://www.facebook.com/permalink.php?story_fbid=pfbid0ETz8whjgmG26ynaJip5dyuEn7vev3sxHpLXuvu4r2v1WYCjvHKemBhfyVrUFaFWdl&id=61565129917481,0,0,Fotos,,,,,Total,1033,854,83,73,0,10,,,,,,236,123.0,83.0,30.0
122119728926504330,61565129917481,Fetch.ens,"Nuevos productos llegan a ti! 
Disponibles en color:
Negro  🖤
Blanco 🤍
Beige   🤎
No te quedes sin la tuya 🤩",,0,10/30/2024 14:30,,https://www.facebook.com/permalink.php?story_fbid=pfbid0FjV51LK7PzhehPPbnY1GGWUCK7eVtgr5UWBd3p4586DtLeEhvznMxz5nLCMrk8Yvl&id=61565129917481,0,0,Fotos,,,,,Total,216,170,29,19,1,9,,,,,,11,5.0,5.0,1.0
122115967004504330,61565129917481,Fetch.ens,"✨ ¡El accesorio perfecto para cada ocasión!

Consigue la tuya vía DM: 646 102 9131 ❣️",,0,10/09/2024 15:57,,https://www.facebook.com/permalink.php?story_fbid=pfbid02M1P4mnRgL92ZgUAtFcpAEiHrjibEUdVJTMce1nwmMxSFNhURAV6UNGYLf4YpNCsxl&id=61565129917481,0,0,Fotos,,,,,Total,403,342,34,25,2,7,,,,,,96,72.0,23.0,1.0
122110502480504330,61565129917481,Fetch.ens,"DISPONIBLE ✨️
Mochila casual 

$300 pesos c/u

Colores:
Azul marino 💙
Negro 🖤

¡Pide la tuya!
Contáctanos por WhatsApp para hacer tu pedido: 646 102 9131 💕 

Visita nuestro sitio web para conocer nuestros productos: https://www.fetchens.com/",,0,09/16/2024 13:34,,https://www.facebook.com/permalink.php?story_fbid=pfbid0sXMHMeKDqzzUnP5KkTMKw5HfxD3HJvS251sXhDWYXNrRMaCnQ83R5JHkYJtZYahol&id=61565129917481,0,0,Fotos,,,,,Total,362,281,29,21,0,8,,,,,,47,24.0,21.0,2.0
122109855704504330,61565129917481,Fetch.ens,"Nuevos colores llegan a ti✨️
Disponibles:

- Beige 🤎
- Morado 💜
- Blanco 🤍

$250 c/u

¿Listas para llevar su look al siguiente nivel? 

Contáctanos por WhatsApp para hacer tu pedido: 646 102 9131  💕 

Visita nuestro sitio web para conocer nuestros productos: https://www.fetchens.com/",,0,09/14/2024 14:22,,https://www.facebook.com/permalink.php?story_fbid=pfbid02xQRS7jgtkT1xCn6LHUrBDPoMfTGYSg86vXLQzqA4ymjjkCdQn1oSigPmniWwEeEXl&id=61565129917481,0,0,Fotos,,,,,Total,274,213,22,20,0,2,,,,,,46,26.0,19.0,1.0
