Identificador de la publicación,Identificador de la cuenta,Nombre de usuario de la cuenta,Nombre de la cuenta,Descripción,Duración (segundos),Hora de publicación,Enlace permanente,Tipo de publicación,Comentario sobre los datos,Fecha,Impresiones,Alcance,Me gusta,Veces que se compartió,Comentarios,Veces que se guardó,Seguimientos
18239729197263406,17841469377222714,fetch.ens,Fetch,"DISPONIBLE

Bolsa casual, incluye strap 

✨250 pesos c/u

Colores disponibles:
🖤 Negro

Proximamente:
🤎Beige
🤍 Blanco

Reserva la tuya aquí 💕: 646-102-91-31",0,09/09/2024 16:16,https://www.instagram.com/p/C_tuluyy4fF/,Secuencia de Instagram,,Total,1445,893,49,9,0,1,5
18029664641214251,17841469377222714,fetch.ens,Fetch,"¡Bienvenidas a fetch! 💕
Somos un negocio que se dedica a vender bolsas y mochilas de calidad a precios accesibles para ti. Síguenos para conocer nuestros nuevos productos… ✨",0,09/09/2024 15:56,https://www.instagram.com/p/C_tsWqdSPvz/,Secuencia de Instagram,,Total,1113,612,47,5,0,1,
18045471110023723,17841469377222714,fetch.ens,Fetch,"Para lucir genial solo ocupas lo esencial. ✨️💕
#thatssofetch #fetch #bolsosdemoda #imjustagirl",6,11/15/2024 14:16,https://www.instagram.com/reel/DCaJCmDzGp8/,Reel de Instagram,,Total,257,235,16,1,2,2,
17874820965207351,17841469377222714,fetch.ens,Fetch,"DESCUENTO ESPECIAL ✨️

Mochilas $250

Ambos colores disponibles.
¡Contáctanos por DM o WhatsApp!
6461029131",0,11/13/2024 16:12,https://www.instagram.com/p/DCVMuZMSq2h/,Secuencia de Instagram,,Total,176,96,24,1,1,0,
18042204908134062,17841469377222714,fetch.ens,Fetch,"Nuestro bolso es ideal para llevar lo esencial sin perder ese toque elegante. ✨️

Contáctanos por DM o WhatsApp.
6461029131",0,11/10/2024 16:12,https://www.instagram.com/p/DCNeWt6xAHb/,Imagen de Instagram,,Total,216,134,28,1,1,0,
18046182266037968,17841469377222714,fetch.ens,Fetch,"Nuestra bolsa es el toque perfecto para cualquier ocasión. ¡Consigue la tuya y deslumbra! 💕

#thatssofetch #fetch #bolsosdemoda #bolsofetch",11,11/08/2024 14:12,https://www.instagram.com/reel/DCIHAZFvLoS/,Reel de Instagram,,Total,546,338,31,4,2,0,2
18025027697234608,17841469377222714,fetch.ens,Fetch,"¡Eleva tu look con un toque de distinción! ✨️ Este bolso es el detalle que necesitas para lucir increíble en cualquier ocasión.

$300 c/u

Contáctanos por DM o WhatsApp. 
6461029131",0,11/06/2024 14:00,https://www.instagram.com/p/DCC8CXxzjI0/,Secuencia de Instagram,,Total,446,258,27,4,1,0,
17993061518710454,17841469377222714,fetch.ens,Fetch,"El toque perfecto para cualquier look otoñal. Combina tu outfit con un lindo bolso Fetch. ✨️

$300 c/u

¡Pide la tuya!

Contáctanos por DM o WhatsApp.
6461029131",0,11/03/2024 16:22,https://www.instagram.com/p/DB7d3TJyL9S/,Secuencia de Instagram,,Total,218,147,33,3,1,0,
18009270740473268,17841469377222714,fetch.ens,Fetch,"¡Personaliza tu bolso Fetch!💕 

No se necesita mucho para adaptar un bolso fetch a tu estilo, solo un poco de creatividad y tus accesorios favoritos. 

Te damos una idea de como puedes hacerlo.. ✨️

#thatssofetch #bolsosdemoda #fetch",19,11/01/2024 13:33,https://www.instagram.com/reel/DB15s_9O-sf/,Reel de Instagram,,Total,482,320,23,4,0,0,
18037217339240441,17841469377222714,fetch.ens,Fetch,"¡La espera ha terminado! Un nuevo modelo llega a ti ✨

Disponibles en color:
🖤 Negro
🤎 Beige
🤍 Blanco

¡Aparta la tuya antes de que se agoten!

Manda DM o contáctanos WhatsApp al 6461029131 📱",0,10/30/2024 13:21,https://www.instagram.com/p/DBwvGNqzCye/,Secuencia de Instagram,,Total,1286,831,29,11,1,0,
18053853172907225,17841469377222714,fetch.ens,Fetch,"¿Ya te enteraste? 👀✨️
¡Síguenos y no te pierdas nuestro nuevo lanzamiento!

#thatssofetch #fetch #nuevoproducto",15,10/27/2024 13:48,https://www.instagram.com/reel/DBpDlJjhKvg/,Reel de Instagram,,Total,529,348,38,2,2,1,
18318430534080401,17841469377222714,fetch.ens,Fetch,"¡Dulce, truco o mochila nueva! ✨️
Aprovecha nuestro descuento especial de halloween. 👻

#mochilas #thatssofetch",0,10/25/2024 16:05,https://www.instagram.com/p/DBkJ7_lycE2/,Imagen de Instagram,,Total,571,356,20,4,1,0,
18166874431312443,17841469377222714,fetch.ens,Fetch,"¡Crea tu propio estilo con Fetch! ✨️

#bolsas #mochilas #thatssofetch",0,10/23/2024 14:43,https://www.instagram.com/p/DBe27w0zn5q/,Secuencia de Instagram,,Total,485,275,28,5,0,0,
17957220479714978,17841469377222714,fetch.ens,Fetch,"Agradecemos tu apoyo en nuestro primer lanzamiento de bolsos y mochilas.. ¡Mantente atenta a las novedades!

¿Lista para llevar tu look al siguiente nivel?

- Fetch. 💕",15,10/20/2024 14:27,https://www.instagram.com/reel/DBXGgKrvx_4/,Reel de Instagram,,Total,212,125,18,1,0,0,1
18059262496763613,17841469377222714,fetch.ens,Fetch,"¡Cuéntanos que opinas de nuestros productos hasta ahora!
Nuestra prioridad eres tú. 💕

#mochilas #fetch",11,10/18/2024 14:29,https://www.instagram.com/reel/DBR9Zk5PIHf/,Reel de Instagram,,Total,368,252,21,2,1,0,
17913470943009214,17841469377222714,fetch.ens,Fetch,"Ideal y práctica a donde vayas ✨️
Nuestra mochila es perfecta para llevarla en cualquier ocasión, siempre con estilo y comodidad. 

Colores disponibles:
Negro 🖤
Azul 💙",0,10/16/2024 13:47,https://www.instagram.com/p/DBMu9tlzfuq/,Secuencia de Instagram,,Total,1089,585,41,9,4,0,2
18339546754120395,17841469377222714,fetch.ens,Fetch,"¡Disfruta de una tarde de chicas y luce genial haciéndolo! 💕

Tres colores disponibles.. pide la tuya ✨️

Contáctanos por dm o WhatsApp.
6461029131",0,10/13/2024 13:34,https://www.instagram.com/p/DBE_G_tzLtw/,Secuencia de Instagram,,Total,13506,5924,43,7,3,2,3
18101607799453358,17841469377222714,fetch.ens,Fetch,"En tu bolso Fetch, llevas contigo lo esencial para cada momento. ✨️

#thatssofetch #bolsosdemoda #fetch",21,10/11/2024 13:36,https://www.instagram.com/reel/DA_1haGM-Yc/,Reel de Instagram,,Total,999,665,22,6,4,0,
17906963337020683,17841469377222714,fetch.ens,Fetch,"Dale un toque fetch a tu outfit con nuestras bolsas. ✨️

Colores disponibles:
Morado 💜
Blanco 🤍
Negro 🖤

$250 c/u

¡Contáctanos por dm o WhatsApp!

6461029131",0,10/09/2024 13:39,https://www.instagram.com/p/DA6sdFnzNO1/,Secuencia de Instagram,,Total,694,419,23,6,0,1,2
17988083990708717,17841469377222714,fetch.ens,Fetch,"Combina comodidad y estilo con Fetch. ✨️
¿Ya tienes la tuya? 
Mochila azul marino 💙
300 c/u

Disponible también en color negro.
¡Contáctanos por dm!",0,10/06/2024 14:34,https://www.instagram.com/p/DAzEX3czqoA/,Secuencia de Instagram,,Total,515,288,30,4,0,0,1
18107377636426338,17841469377222714,fetch.ens,Fetch,"El complemento ideal para cualquier outfit. ✨️
¿Ya tienes la tuya?

Últimas disponibles ‼️",6,10/04/2024 13:08,https://www.instagram.com/reel/DAtw9vDPImP/,Reel de Instagram,,Total,502,330,25,2,0,0,
18063510853728256,17841469377222714,fetch.ens,Fetch,"Es 3 de octubre y en Fetch lo sabemos 🩷

¡Sólo por hoy! 10% de descuento en TODOS nuestros productos disponibles 🛍️",0,10/03/2024 10:11,https://www.instagram.com/p/DAq39IzSXyn/,Imagen de Instagram,,Total,1024,649,17,9,3,0,1
17883385671105222,17841469377222714,fetch.ens,Fetch,"¡Porque cada detalle cuenta! ✨️
Las bolsas Fetch no son solo un accesorio, son una declaración de estilo. Combina moda y comodidad en un solo look. 💕",11,10/02/2024 12:10,https://www.instagram.com/reel/DAoguraPasj/,Reel de Instagram,,Total,795,489,32,3,4,0,
18012745982618724,17841469377222714,fetch.ens,Fetch,"Una pequeña demostración de lo que puedes llevar en una mochila fetch 💕

Lleva lo esencial para tú día a día sin perder tú estilo con fetch ✨

Disponible en:
💙Azul
🖤Negro

Pedidos por DM/Whatsapp
646-102-91-31",31,09/23/2024 16:09,https://www.instagram.com/reel/DARw2pGSvC8/,Reel de Instagram,,Total,720,550,24,6,2,0,1
17994601484691581,17841469377222714,fetch.ens,Fetch,"¡Dale el toque perfecto a tu outfit!👜🤍
Ya sea para un paseo casual o un día especial, nuestras bolsas son el complemento ideal.🌟",5,09/19/2024 14:38,https://www.instagram.com/reel/DAHTPu4PiTE/,Reel de Instagram,,Total,790,575,30,5,0,0,
17939076614871748,17841469377222714,fetch.ens,Fetch,"Entre amigas no copiamos, pero amamos hacer matching outfits. ✨️
Etiqueta a tu amiga con la que harías match. 💕

#fetch #bolsosdemoda #thatssofetch",8,09/17/2024 15:02,https://www.instagram.com/reel/DACMXpFPidV/,Reel de Instagram,,Total,1154,789,46,8,6,0,1
18338033944130816,17841469377222714,fetch.ens,Fetch,"DISPONIBLE

Mochila casual 💖

✨300 pesos c/u

Colores disponibles:
🖤Negro
💙Azul

Reserva la tuya via DM o por Whatsapp💕: 646-102-91-31",0,09/15/2024 16:37,https://www.instagram.com/p/C_9NypkS8Tv/,Secuencia de Instagram,,Total,604,365,39,4,2,0,2
17981936405729310,17841469377222714,fetch.ens,Fetch,"Nuevos colores llegan a ti ✨
Disponibles

🤍Blanco
💜Morado
🤎Beige

$250 c/u

¿Listas para llevar su look al siguiente nivel? 💕
Contáctanos: 646-102-91-31 📞",0,09/14/2024 13:59,https://www.instagram.com/p/C_6W5-qzFyq/,Secuencia de Instagram,,Total,1530,914,49,9,2,2,3
18076105417545017,17841469377222714,fetch.ens,Fetch,"DISPONIBLE

Mochila casual 💖

✨300 c/u

Colores disponibles:
🖤 Negro
💙 Azul

Reserva la tuya aquí 💕: 646-102-91-31",0,09/09/2024 18:08,https://www.instagram.com/p/C_t7ZymScYc/,Secuencia de Instagram,,Total,801,396,42,2,1,0,1